matname,bandgap,totd,fom
mp-1018031_KInO2,4.4089,9.22851,40.687577739
mp-1019558_BaSr2Mg(SiO4)2,7.8596,18.088175,142.16582023
mp-1020633_RbMgBO3,8.3158,6.1954400000000005,51.520039952
mp-10299_Ca4PdO6,3.7962,17.142454666666666,65.0761864056
mp-10392_Sr3CdPtO6,4.0519,13.509570333333334,54.73942803363334
mp-10417_KSbO2,3.6699,9.938729666666665,36.4741440037
mp-10418_RbSbO2,4.0262,9.546939,38.4378858018
mp-10461_NaSr3SbO6,5.7547999999999995,12.522673,72.06547858039998
mp-10547_RbAuO,3.4571000000000005,7.004079999999999,24.213804968
mp-1078295_NaNbO3,6.092499999999999,14.338665666666666,87.35832057416665
mp-1078409_Ba2LaBiO6,3.5502,23.668200666666667,84.0268460068
mp-1078539_Sr2MgMoO6,3.5877999999999997,24.382622,87.4799712116
mp-1079050_LaAsO3,4.1139,30.41381966666667,125.1194127267
mp-10814_SrLiBO3,7.8826,8.752029,68.9887437954
mp-10942_KNaLaNbO5,6.0362,13.842411666666669,83.55556530233335
mp-1095378_AsAuO4,4.2709,6.270492999999999,26.780648553699997
mp-1095520_KPd2O3,1.6165,8.817134333333334,14.252897649833335
mp-1096838_Ba(AgO)2,3.1586,17.092499,53.9883673414
mp-1096933_CsAgO2,3.5287,7.429685666666667,26.21713181196667
mp-11019_GaCuO2,2.6372,9.659814333333333,25.474862359866666
mp-11020_GaAgO2,2.0340000000000007,11.25255,22.887686700000007
mp-11022_ScAgO2,3.6181,12.935125,46.800575762499996
mp-1102943_Ba2Cd(BO3)2,5.980300000000001,12.097737,72.34809658110001
mp-1104307_La3SbO3,1.2150999999999996,29.478932333333333,35.81985067823332
mp-1104363_K3ScV2O8,5.3817,15.595437666666667,83.92996689070002
mp-1104930_KLaTiO4,4.1693,25.100875666666667,104.65308091703334
mp-1105143_NaIn(GeO3)2,4.9707,9.230326666666668,45.88118476200001
mp-1105217_BaLa2PdO5,4.2894,28.53018233333334,122.37736410060002
mp-1105233_Ba(AsO3)2,5.7362,12.223667999999998,70.1174043816
mp-1105247_Sr2CaWO6,5.0184,20.575941,103.2583023144
mp-1105495_BaHf(BO3)2,7.7828,12.013058666666666,93.49523299093333
mp-1106089_Ba2InGaO5,3.5417000000000005,18.096693333333334,64.09305877866667
mp-1106218_Sr2ScSbO6,6.0280000000000005,19.919067666666667,120.07213989466668
mp-1143_Al2O3,9.3329,10.133976666666667,94.57939083233335
mp-11715_MgSn(BO3)2,6.9908,8.488299666666668,59.34000530973334
mp-1178391_CsLiWO4,8.3385,6.080350333333333,50.70100125449999
mp-1178405_Cs2HfO3,6.5732,13.134457333333335,86.33541494346667
mp-1178449_CsLaO2,4.8801000000000005,21.062415333333334,102.78669306820001
mp-1178450_Cs6Ge2O7,5.9444,10.949862000000001,65.0903596728
mp-1178815_VAgO3,2.673,10.375729,27.734323617
mp-1182298_BaNaSc(BO3)2,7.0066,11.361687666666667,79.60680080526666
mp-1186878_Ta2Mo2O11,4.2488,24.907422666666662,105.82665742613331
mp-1189102_Sr2LaSbO6,6.0664,18.09501266666667,109.77158484106668
mp-1189528_Ca2ScSbO6,6.1238,18.728353666666667,114.68869218393334
mp-1190024_Ba3NaSbO6,5.3456,13.770069999999999,73.609286192
mp-1190108_Sr2TaInO6,6.1138,21.037383000000002,128.61835218540003
mp-1190151_Sr3LiSbO6,5.9508,14.762919666666667,87.8511823524
mp-1190195_LiIn(WO4)2,4.779,15.063481666666666,71.988378885
mp-1190427_LaSbO4,5.490599999999999,15.852753666666667,87.04112928219998
mp-1190486_Sr3LiTaO6,6.052700000000001,20.356598666666667,123.21238474973335
mp-1190545_Ba2MgGe2O7,6.6364,8.747824000000001,58.05405919360001
mp-1190588_Ba2Cd(BO2)6,7.7145,7.6173926666666665,58.764375727
mp-1190949_Ba2ZnGe2O7,5.9972,9.112896,54.6518598912
mp-1191085_LiY(WO4)2,5.3487,31.45661233333333,168.2519823873
mp-1191101_KMgBO3,8.4485,6.073458,51.31160991299999
mp-1191141_SrLi2SiO4,8.0002,8.320443666666666,66.56521342206666
mp-1191189_Cd2Sb2O7,2.3010000000000006,14.138669,32.53307736900001
mp-1191240_Sr2ZnSi2O7,7.3807,8.450609333333334,62.371412306533344
mp-1191513_Na3Sc(BO3)2,7.1157,11.194415333333334,79.65610118740001
mp-1191636_CsCdBO3,4.7649,9.284622,44.2402953678
mp-1192129_Tl3V5O14,2.7922,24.123907,67.35877312539999
mp-1192417_BaGePbO4,5.2726999999999995,15.219122666666669,80.24586808453334
mp-1192743_SrGePbO4,5.2884,18.51461,97.91266352400001
mp-1192933_CsAlSiO4,8.4674,7.182189,60.8144671386
mp-1193109_NaCaAsO4,7.345,6.613302666666666,48.57470808666666
mp-1193166_Ba4Nb2O9,5.739999999999999,17.42450666666667,100.01666826666667
mp-1194160_BaHf(SiO3)3,8.0793,8.775562666666668,70.9004034528
mp-1205823_Ba2ScTaO6,4.7564,38.53422,183.284164008
mp-1205825_Ba2MgMoO6,3.4384000000000006,22.703516999999994,78.0637728528
mp-1205877_CsTlO,2.6455999999999995,11.218411666666668,29.679429905333333
mp-1206097_Ba2ZnMoO6,3.3137999999999996,33.496085,110.999326473
mp-1206230_RbTlO,2.3529,10.234491666666665,24.080735442499996
mp-1206644_Ba2ScNbO6,4.190099999999999,49.894092,209.06123488919997
mp-1206880_Li2HgO2,2.4527,15.763140666666667,38.662255113133334
mp-1207646_YTl(WO4)2,3.9735000000000005,19.074275,75.7916317125
mp-1207861_VCd2BiO6,3.6100999999999996,16.064047,57.99281607469999
mp-1208033_TlPt3O4,1.9668,23.003936,45.244141324800005
mp-1208096_TlBi(WO4)2,3.5336,34.46485233333333,121.78500220506666
mp-1208760_Sr2ScNbO6,4.689,40.07045766666667,187.890375999
mp-1208776_Sr2ScTaO6,5.3619,32.750154,175.60305073260002
mp-1208777_Sr3NbGa3(SiO7)2,6.1802,15.469526,95.6047645852
mp-1209097_RbTa(BO3)2,6.206300000000001,13.139694,81.54888287220001
mp-1209133_RbY(WO4)2,5.2105,13.913815666666666,72.49793653116666
mp-1209180_RbSc(MoO4)2,5.9744,8.471568333333332,50.61253785066666
mp-1209239_RbSc(WO4)2,4.5207,19.663698666666665,88.89368256239999
mp-1209248_RbAl(MoO4)2,6.3946000000000005,6.6457880000000005,42.49715594480001
mp-1209286_Rb6CdO4,3.6271,11.501804666666667,41.718195706466666
mp-1209350_Rb3YV2O8,5.8587,13.244814333333332,77.59739373469999
mp-1209478_Rb2Li3GaO4,6.7627999999999995,12.497163666666667,84.51581844493333
mp-1209489_Rb2Pb2O3,2.8664,9.561226999999999,27.406301072799998
mp-1209499_Rb2Cd2O3,2.1318,15.827157666666666,33.7403347138
mp-1210092_NaBi(MoO4)2,3.5453,29.650549666666667,105.12009373323333
mp-1210161_NaSc(WO4)2,5.0325,13.537553,68.1277354725
mp-1210286_Na2ReO3,3.7100999999999997,6.750958333333333,25.046730512499998
mp-1210368_Na2PbO3,3.1525999999999996,10.668994,33.635070484399996
mp-1210431_Na2MgGeO4,6.9296,5.499074,38.1063831904
mp-1210656_MgZn2(AsO4)2,6.1342,7.580008333333333,46.49728711833333
mp-1210797_Li2MgGeO4,7.172499999999999,6.160790666666666,44.18827105666666
mp-1211126_LiSc(WO4)2,4.9619,17.945274,89.04265506060001
mp-1211258_La3TiGa5O14,5.325800000000001,43.058923,229.32321211340005
mp-1211281_La3HfGa5O14,6.2759,20.942935333333335,131.43576785846668
mp-1211443_KLa(MoO4)2,4.9183,14.438645333333332,71.01358934293333
mp-1211497_KSc(WO4)2,4.5673,19.234134333333333,87.84806174063334
mp-1211624_K4ZrO4,6.0219000000000005,7.086596,42.674772452400006
mp-1211649_K4HfO4,6.0248,6.909729333333334,41.62973728746667
mp-1212067_InSbO4,2.9721,13.572792333333332,40.3396960939
mp-1213157_CsSc(WO4)2,6.969099999999999,7.475125666666666,52.09489828356666
mp-1213173_CsLa(WO4)2,5.3087,14.332776333333333,76.08840972076666
mp-1213231_CsY(MoO4)2,6.6991,7.632450666666666,51.13055026106666
mp-1213335_CsY(WO4)2,5.0039,14.549487333333333,72.80417966726667
mp-1213697_CsBi(MoO4)2,3.6924,19.454042333333334,71.83210591160001
mp-1213706_Cs2Pb2O3,2.8317999999999994,9.879044,27.975476799199996
mp-1213894_CaYBO4,7.2886999999999995,10.542897333333334,76.84401579346667
mp-1213950_CaAgAsO4,3.6746000000000003,10.884313333333333,39.99549777466667
mp-1214081_Ca2ScTaO6,5.6606,30.013731333333336,169.89572758546666
mp-1214228_BaZr(SiO3)3,8.0647,9.164925333333334,73.91237333573335
mp-1214314_BaTi(AsO4)2,4.7354,21.188870666666663,100.33777815493332
mp-1214475_Ba3Ta2ZnO9,5.148,32.00449666666667,164.75914884
mp-1214487_Ba3ZnSb2O9,4.5222,20.390341666666668,92.209203085
mp-1214502_Ba3Nb2CdO9,4.5139000000000005,101.17527399999999,456.6950693086
mp-1214569_Ba3CaNb2O9,4.4326,97.30615366666666,431.3192567428666
mp-1214739_Ba2CdGe2O7,5.6263000000000005,10.177942999999999,57.2641607009
mp-1216423_VAg3HgO4,1.9730000000000003,15.1036,29.799402800000006
mp-1216623_TlSbWO6,4.1902,26.308982000000004,110.23989637640001
mp-1216944_TiNb6Tl2O18,3.7920000000000003,75.93732100000001,287.95432123200004
mp-12171_K6MgO4,4.2343,8.895904666666667,37.66792913006667
mp-1217830_TaTlWO6,4.5709,82.30689033333333,376.2165650246333
mp-1218099_Ta6TiTl2O18,4.5934,37.600099666666665,172.71229780886665
mp-1218382_Sr4Bi2O,1.2590000000000003,24.384209333333335,30.699719550666675
mp-1218484_SrAl2(SiO4)2,8.6233,6.594651666666667,56.86765971716667
mp-1219559_RbNaCd3O4,1.7967,13.435698,24.1399185966
mp-1219606_RbSbMoO6,4.1071,19.806283000000004,81.34638490930001
mp-1219774_Rb12Sn2As6O,1.2944,13.027313000000001,16.862553947200002
mp-1220757_NaLa(MoO4)2,5.2565,13.401274,70.443796781
mp-1220867_NaTlO,1.8307000000000002,12.806197,23.4443048479
mp-1221048_NaLiV2O6,5.4384999999999994,7.261377333333333,39.49100062733333
mp-1222442_Li5AuO4,4.665,7.957584999999999,37.122134024999994
mp-1222719_LaTiSbO6,4.793799999999999,21.035977666666668,100.84226973846665
mp-1223039_KTaWO6,4.907299999999999,55.57914099999999,272.7435186292999
mp-1223057_LaAg(MoO4)2,3.7217,14.180104333333333,52.77409429736666
mp-1223347_KSbWO6,4.9013,17.526493,85.90260014089999
mp-1223396_KNbWO6,4.6735999999999995,83.89484399999999,392.09094291839995
mp-1223458_KBaY(BO3)2,7.1209999999999996,10.507765,74.825794565
mp-1223469_KLiZn3O4,4.3629999999999995,9.821780666666667,42.852429048666664
mp-1224786_GaSbO4,3.2138999999999998,13.087255333333331,42.06112991579999
mp-1224_HgO,2.2824,12.563507333333334,28.674949137600002
mp-1226383_Cs12Sn2As6O,1.6458,13.932224,22.9296542592
mp-1227323_CaAl2(SiO4)2,8.6056,6.526504333333333,56.16448569093333
mp-1227475_BeTlAsO4,5.28,11.487726,60.655193280000006
mp-1228030_Ba4Bi2O,0.7961,32.528169,25.8956753409
mp-1228058_Ba3MgTaNbO9,4.6639,31.453163333333332,146.69440847033331
mp-1228067_Ba2ZrSnO6,6.1636999999999995,25.759777999999997,158.77554365859996
mp-1228129_Ba4InSbO8,4.5916,20.40598233333333,93.69610848173332
mp-1228131_Ba4Nb2WO12,4.1983999999999995,67.25686033333334,282.3712024234666
mp-1228141_Ba3CaTa2O9,5.119400000000001,47.117585,241.213764649
mp-1228167_Ba4ScReWO12,3.3274,31.97879633333333,106.40624691953333
mp-1228350_Ba2ScCuO4,3.8233,17.81741866666667,68.12133678826667
mp-1228360_Ba2InCuO4,3.4818,22.758629,79.2409944522
mp-12355_Sr2YTaO6,5.9476,26.650819666666667,158.5084150494667
mp-12385_Ba2YTaO6,5.4216999999999995,35.27361033333333,191.2429331442333
mp-12427_Sr2TaGaO6,6.1009,26.592455333333334,162.23791074313334
mp-12533_La2Hf2O7,6.4231,25.841907000000003,165.9851528517
mp-1265_MgO,7.8986,9.989108,78.8999684488
mp-12797_BaBe2Si2O7,9.0939,9.582067666666667,87.1383651539
mp-1285_PtO2,1.0761000000000003,19.65877233333333,21.154804907900004
mp-12878_Sr2YSbO6,6.4497,17.20346533333333,110.95719036039998
mp-12881_Ba3NbGa3(SiO7)2,6.0077,13.205036666666667,79.33189878233333
mp-12885_BaAl2Sb2O7,5.3632,9.065034333333331,48.617592136533325
mp-13019_NaLa2TaO6,6.100199999999999,25.936676000000002,158.2189109352
mp-13042_NaSr3TaO6,6.1646,16.815168666666665,103.65878876253332
mp-13055_Ba2LaTaO6,5.481199999999999,36.17987933333333,198.30915460186665
mp-13133_K2TiO3,6.0828,13.623565333333334,82.8694232096
mp-13252_SnB4O7,5.466799999999999,19.844752333333332,108.48729205586665
mp-1342_BaO,3.8011999999999997,65.892075,250.46895549
mp-1346_B6O,3.0224,6.436526333333333,19.453757189866668
mp-13541_Sr2Mg(BO3)2,7.901699999999999,10.655700333333334,84.19814732389999
mp-13641_TiCdO3,4.3587,20.875708,90.99094845959999
mp-13660_Ca4Sb2O,1.383,27.322304666666668,37.786747354
mp-13743_K3GaO3,5.756600000000001,8.571986666666666,49.345498445333334
mp-13744_Rb3GaO3,5.5169,9.618471666666666,53.06414633783333
mp-13801_Tl2Pt2O7,1.5457,16.198593,25.0381652001
mp-13820_Cd3SiO5,2.9297,16.214763,47.5043911611
mp-13863_BaGeO3,6.410399999999999,11.040086666666667,70.77137156799999
mp-13900_Sr(CuO)2,3.2567999999999997,13.320432666666667,43.381985108799995
mp-13995_Hg2GeO4,2.1616999999999997,13.246532333333333,28.635028944966663
mp-14324_K2Na4Be2O5,5.8622,7.125364666666667,41.770312748933335
mp-14333_TaAlO4,6.4147,11.276039333333335,72.33240951153334
mp-14363_Rb2LiAsO4,7.4963999999999995,8.020913333333333,60.12797471199999
mp-14364_Cs2LiAsO4,7.418799999999999,8.102680666666666,60.11216732986666
mp-14398_CaSn(BO3)2,7.0934,9.088396333333334,64.46763055086667
mp-14437_RbYO2,6.084300000000001,15.265211333333335,92.87812531540003
mp-14495_Li6ZnO4,6.9801,8.250864,57.5918558064
mp-14726_Na4TiO4,6.698,6.255309666666666,41.898064147333336
mp-14951_Rb3AlO3,5.8624,9.474656999999999,55.544229196799996
mp-1518084_Sr2LaBiO6,3.6093999999999995,21.94867933333333,79.22156318573332
mp-15349_Li2GeO3,6.8346,6.7160443333333335,45.9014766006
mp-1539317_Ta2O5,3.7986,53.32180666666667,202.548214804
mp-1540016_Ca(AgO2)2,2.1579999999999995,12.047178666666667,25.997811562666662
mp-1540145_Ca(CuO2)2,1.7480000000000002,12.522069000000002,21.888576612000005
mp-1540712_Ca2Ti3O8,4.3349,32.63162333333333,141.45482398766666
mp-1541753_Rb2MgO2,5.3239,13.529964666666666,72.03217888886667
mp-15573_Tl3AsO4,3.7329000000000003,13.367645666666668,49.90008450910001
mp-15733_CaTaAlO5,6.2523,30.29898533333333,189.4383459996
mp-15743_Sr2CeO4,4.666399999999999,14.802191,69.0729440824
mp-1581_As2O3,5.3431,8.385696333333334,44.80561407863333
mp-16136_Sr3TaGa3(SiO7)2,6.861,14.387671666666668,98.713815305
mp-16280_Ca2Sb2O7,4.321299999999999,20.106031333333334,86.88419320073332
mp-16432_Sr3(BO3)2,7.7679,9.909700333333333,76.9775612193
mp-16737_Na2BeB2O5,9.0402,5.815644,52.574584888800004
mp-16805_Cs2Ti(GeO3)3,5.3857,12.737919666666665,68.60261394876666
mp-16834_Zn3(AsO4)2,5.343500000000001,9.376869000000001,50.10529950150001
mp-16871_K2ZrGe2O7,6.7768,12.969035,87.888556388
mp-16978_Ba3MgSb2O9,5.3481,18.621170666666668,99.5878828424
mp-17020_TiTl2(GeO3)3,3.9627,28.17742633333333,111.65868733109998
mp-17037_Rb2Ti(SiO3)3,6.0634999999999994,10.245995666666667,62.12659472483333
mp-1705_Sb2O5,2.0895,14.674568666666667,30.662511229000003
mp-17071_Rb2CrO4,5.9911,7.505959,44.9689509649
mp-17161_K6CdO4,3.8983,9.850560333333332,38.40043934743333
mp-17250_K3SbO3,5.6876,7.364973,41.889020434799995
mp-17380_Ba2Ca(PdO2)3,3.0387999999999997,31.90860766666667,96.96387697746667
mp-17382_Rb2Si3SnO9,7.6941,7.174757,55.20329783369999
mp-17392_Sr2ZnGe2O7,6.0121,9.706202,58.354657044199996
mp-17394_NaYGeO4,6.6477,8.971207999999999,59.6378994216
mp-17458_V2Zn2O7,4.1737,9.421159666666666,39.321094100766665
mp-17481_Mg4Ta2O9,6.719899999999999,12.139461666666667,81.57596845383333
mp-17612_Ba2SiO4,7.4095,16.355412333333334,121.18542768383334
mp-17708_Ge3Sb2O9,4.9162,9.158755333333334,45.026272969733334
mp-17730_K2SnO3,5.1762,8.294274999999999,42.932826254999995
mp-17785_KNa2GaO3,5.7875000000000005,14.051445666666668,81.32274179583335
mp-17841_Mg4Nb2O9,5.694500000000001,13.593181333333334,77.40637110266668
mp-17854_LiInGeO4,4.8552,10.122192333333333,49.1452682168
mp-17891_NaYSiO4,7.6246,8.153912333333333,62.170319976733325
mp-17911_Ba2ZnO3,4.947,18.132149666666667,89.699744401
mp-17914_CaGa4O7,5.66,12.080883666666665,68.37780155333333
mp-17986_TiTl2O3,3.1689999999999996,14.828838666666668,46.992589734666666
mp-18137_TaVO5,3.612,28.690573666666666,103.630352084
mp-18160_Cs2SrV4O12,5.0999,8.254615333333332,42.09771273846666
mp-18253_SrGa4O7,5.580699999999999,11.142535333333333,62.18314693473332
mp-18315_Cs6Si2O7,6.322900000000001,11.215653333333334,70.91545446133334
mp-18422_RbLiZn2O3,4.7463,9.753797333333333,46.2944482832
mp-18449_K2ZrO3,6.6073,8.868231666666667,58.59506709116667
mp-18473_RbLa(MoO4)2,5.8047,10.428722,60.53560259340001
mp-18480_Na3Ca2TaO6,6.9051,12.721360333333331,87.84226523769999
mp-18483_Rb6Si2O7,6.728800000000001,8.360715333333333,56.257581334933334
mp-18502_BaSi3SnO9,7.4369,7.7377226666666665,57.544669699733326
mp-18510_Sr2SiO4,7.641699999999999,12.752446333333333,97.45036914543333
mp-18733_AlTl(MoO4)2,5.744999999999999,10.098984666666666,58.01866690999999
mp-18740_V2Cd2O7,4.0543,14.278736,57.890279364799994
mp-18741_RbLiCrO4,5.8198,6.366585333333333,37.05225332293333
mp-18764_Ba2SrWO6,4.6437,24.436442,113.47550571539999
mp-18779_Na2CrO4,5.5893,8.044088666666667,44.9608247846
mp-18780_K2WO4,8.0824,7.905829999999999,63.89808039199999
mp-18781_CrCdO4,3.8403,8.434454,32.390833696200005
mp-18803_Na2WO4,8.3199,5.746351999999999,47.809074004799996
mp-18815_KVO3,5.4946,12.171324,66.87655685040001
mp-18834_SrMoO4,5.728300000000001,9.945208333333333,56.969136895833344
mp-18852_Na2MoO4,7.1524,6.004231999999999,42.944668956799994
mp-18853_TlV2AgO6,3.1238,11.568964333333334,36.139130784466666
mp-18864_Rb2WO4,8.0786,7.146902999999999,57.736970575799994
mp-18875_MgWO4,5.1309,13.660504333333334,70.0906816839
mp-18889_VAg3O4,1.8390999999999997,11.523535333333333,21.19293383153333
mp-18914_K2MoO4,7.3027999999999995,8.049184333333333,58.78158334946666
mp-18918_ZnWO4,4.284800000000001,18.900277666666664,80.98390974613334
mp-18964_K3NaCr2O8,5.8825,7.255278333333333,42.67917479583333
mp-18986_Ba2MgWO6,4.579599999999999,20.380106,93.33273343759998
mp-19005_Y6WO12,4.7717,22.042087666666664,105.17822971903333
mp-19014_Sr2CdWO6,4.8218,22.620354333333335,109.07082452446667
mp-19031_RbVO3,5.566800000000001,10.049218999999999,55.9419923292
mp-19034_Mg3V2O8,5.5081999999999995,9.072412666666667,49.97266345053333
mp-19037_K2W2O7,4.0556,18.832392666666667,76.37665169893334
mp-19039_CdMoO4,3.7321999999999997,16.137054000000003,60.226712938800006
mp-19048_BaWO4,7.1754999999999995,8.850276666666666,63.50516022166666
mp-19083_NaVO3,5.7033,6.818785666666667,38.889580292699996
mp-19098_Ba2CaWO6,4.6526,26.69578266666667,124.20479843493334
mp-19116_Sr2CaMoO6,3.8768,23.886065333333335,92.60149808426667
mp-19123_Rb2LiVO4,6.9793,8.114420333333333,56.632973832433336
mp-19133_YVO4,4.802099999999999,11.408516999999998,54.78483948569998
mp-19144_Rb2W2O7,4.1155,16.09042433333333,66.22014134383332
mp-19162_LaVO4,4.9328,12.004912,59.2178299136
mp-19163_SrWO4,6.8007,9.412395666666667,64.0108792103
mp-19212_Rb2MoO4,7.3289,7.205725666666666,52.810042838433326
mp-19215_CaCrO4,4.3211,8.545779666666666,36.92716851763333
mp-19219_Li3VO4,6.7951999999999995,6.726689666666666,45.70920162293333
mp-19232_K2CrO4,5.9666999999999994,7.952383,47.4494836461
mp-19247_ScVO4,4.0851999999999995,17.503031333333336,71.50338360293334
mp-19260_Li2WO4,5.7178,14.581688666666667,83.37517945826667
mp-19276_BaMoO4,6.153599999999999,9.571713333333333,58.90049516799999
mp-19302_NaCaVO4,6.2263,12.062644333333333,75.10564241263333
mp-19324_Ca2MgWO6,5.2136,19.63060966666667,102.34614655813333
mp-19330_CaMoO4,5.1434999999999995,12.159914666666666,62.54452108799999
mp-19363_HgMoO4,3.372,13.886452666666665,46.82511839199999
mp-19365_Ba3V2O8,5.8594,37.740374333333335,221.13594936873335
mp-19387_CdWO4,4.5189,14.776089999999998,66.77167310099999
mp-19420_Sr2MgWO6,4.8318,21.413865666666666,103.4675161282
mp-19426_CaWO4,6.2090000000000005,11.666635,72.438136715
mp-19432_KNaV2O6,5.7498000000000005,6.965265333333332,40.04888261359999
mp-19447_Cs2NaVO4,6.7461,8.528017666666667,57.5308599811
mp-19449_NaVCdO4,5.2351,13.087407666666666,68.51388787576666
mp-19450_ScTl(MoO4)2,5.173500000000001,35.16448,181.92343728
mp-1960_Li2O,8.2887,7.373725,61.118594407500005
mp-19803_CdIn2O4,2.7218,10.424275999999999,28.372794416799998
mp-19926_La2Be2GeO7,6.5091,13.500100333333334,87.8735030797
mp-19970_Li3CuO3,3.1885,16.355252333333333,52.14872206483333
mp-20015_As2PbO6,3.9249000000000005,16.805282000000002,65.95905132180002
mp-20072_LaCuO2,4.3431,11.946442333333332,51.88459369789999
mp-20088_Na4PbO4,3.7143,7.977765000000001,29.631812539500004
mp-20098_Ba2PbO4,2.6636,33.207372,88.4511560592
mp-20222_Sr2NbInO6,5.3659,24.079073666666662,129.20590138796663
mp-20352_Ba3In2O6,2.5153999999999996,29.61158,74.484968332
mp-20459_TiPbO3,2.3742000000000005,97.52221700000001,231.53724760140008
mp-20489_SrPbO3,1.7071999999999998,22.97419933333333,39.22155310186666
mp-20496_Ga2PbO4,5.2946,24.258852333333333,128.44091956406666
mp-20546_Ba2In2O5,2.6029,13.846658333333332,36.04146697583333
mp-20564_V2Pb3O8,3.9679,29.922289666666668,118.72865316836668
mp-20678_NaIn(WO4)2,5.1475,11.720911666666666,60.333392804166664
mp-20694_K2Pb2O3,2.4279,10.107800000000001,24.540727620000006
mp-20727_Sb2PbO6,3.5384,15.240279999999998,53.926206752
mp-20944_Sr2PbO4,2.989,13.049366000000001,39.004554974
mp-21084_In6Ga2PtO8,1.4745,15.235074,22.464116612999998
mp-21137_Ca2PbO4,3.1038000000000006,13.985211666666666,43.40729997100001
mp-21138_MoPb2O5,3.8052,21.34807766666667,81.2337051372
mp-2133_ZnO,3.1484,8.726030333333334,27.47303390146667
mp-2136_Sb2O3,3.0061,89.05549366666668,267.7097195113667
mp-21461_Rb2PbO3,3.5368,9.483203000000001,33.54019237040001
mp-21521_Cs2PbO3,3.5694999999999997,14.109075666666667,50.36234559216666
mp-21879_Ba2CePtO6,2.8753,20.911952,60.1281355856
mp-21892_Al2PbO4,6.0424999999999995,18.062960333333333,109.14543781416666
mp-22169_MoPbO4,3.37,23.414477333333334,78.90678861333333
mp-22170_Li4PbO4,3.5103999999999997,8.794593,30.8725392672
mp-22186_In6Ge2PtO9,2.3949,17.009151000000003,40.735215729900005
mp-22313_Na2PtO2,3.6059999999999994,8.458275333333333,30.500540851999993
mp-22328_K4PbO4,4.4668,7.705241666666667,34.41777347666667
mp-22355_Sr2InSbO6,3.9493,15.231601333333336,60.15416314573334
mp-22443_VInO4,5.1493,8.650996666666666,44.546577135666666
mp-22450_Li2PbO3,2.4227999999999996,28.474435666666665,68.98786273319999
mp-22633_Pb3O4,2.1612,16.548376,35.764350211200004
mp-22766_CaIn2O4,4.3244,8.874633,38.377462945199994
mp-22984_NaBiO2,1.8904999999999994,18.575443,35.11687499149999
mp-23018_BiSbO4,4.262,21.621335,92.15012976999998
mp-23054_NaBiO3,2.997,9.985580666666666,29.926785257999995
mp-230_SbO2,3.3436000000000003,18.860527333333334,63.06205919173334
mp-23127_Ba2BiSbO6,2.9361,27.165613666666662,79.76095828669999
mp-23136_KBi(WO4)2,3.8069999999999995,27.293878666666668,103.907796084
mp-23262_Bi2O3,3.1369,31.862012000000004,99.9479454428
mp-23341_Bi2Pt2O7,1.5286999999999997,25.774345,39.40124120149999
mp-23426_Al4Bi2O9,4.447100000000001,13.983358666666666,62.18539432653334
mp-23558_Ag2BiO3,0.8470000000000004,24.586963,20.82515766100001
mp-23571_KBa4Bi3O,1.2735000000000003,17.205589,21.911317591500005
mp-23582_KLi6BiO6,3.8761,10.170755333333334,39.42286474753334
mp-2472_SrO,5.5625,19.476069,108.33563381249999
mp-25279_V2O5,2.8013999999999997,20.026049,56.10097366859999
mp-2542_BeO,11.0232,7.055082333333334,77.7695835768
mp-2605_CaO,6.1487,15.996846,98.3598070002
mp-27197_Na4As2O7,7.401,5.8621620000000005,43.385860962
mp-27219_Mg(SbO2)2,3.7887999999999997,10.496033333333333,39.76737109333333
mp-27227_LiAg3O2,1.7203,10.749876,18.4930116828
mp-27228_Tl6Si2O7,2.3663000000000003,12.144206333333335,28.736835446566673
mp-27253_Au2O3,1.9444000000000004,10.041632666666667,19.52495055706667
mp-27275_Li3BO3,9.2524,6.860138333333334,63.47274391533334
mp-27303_NaAg3O2,1.7442000000000002,9.444078333333332,16.472361429
mp-27345_Na3BiO4,3.1330999999999998,10.969560666666666,34.36873052473333
mp-27484_Tl2O,0.6478999999999999,33.11973766666666,21.458278034233324
mp-27539_La2ReO5,2.2658000000000005,19.913119000000002,45.119145030200016
mp-27559_Na14Cd2O9,3.9581999999999997,7.815766666666666,30.936367619999995
mp-27562_Na2Pd3O4,1.2553,12.378917666666666,15.539255346966668
mp-27564_Na4B2O5,8.1116,6.41032,51.99795171199999
mp-27624_CaV2O6,4.9144,11.236941999999999,55.222827764799995
mp-27684_Tl4O3,1.2295000000000007,41.54423933333333,51.07864226033336
mp-27704_K3V5O14,3.7500999999999998,17.693880333333333,66.35382063803333
mp-27716_KTlO,2.1795999999999998,10.117436,22.051963505599996
mp-27742_K2CdO2,3.5434,9.968093,35.3209407362
mp-27791_SrBe3O4,7.0367,8.896048666666667,62.59882565273333
mp-27911_BiAsO4,4.956,30.873907666666668,153.01108639600002
mp-27914_Na3BiO3,4.9333,7.035984,34.7106198672
mp-27915_K2BeO2,6.2717,8.107034,50.844885137800006
mp-27927_NbAlO4,5.4792,12.458294666666667,68.2614881376
mp-27931_Rb2SnO2,3.8567000000000005,9.558758666666668,36.86526454973334
mp-28109_SbAsO3,4.780200000000001,11.813093,56.46894715860001
mp-28150_BaNb2O6,3.9921,77.22202833333334,308.27805930950007
mp-28158_K4Be3O5,6.5419,8.137844333333334,53.23696384423334
mp-28232_MgTi2O5,4.1609,22.56270166666667,93.88114536483334
mp-28251_Ta2Zn3O8,5.9885,13.716883333333334,82.14355584166667
mp-28261_Na4SnO3,3.4282000000000004,8.344157000000001,28.605439027400006
mp-28364_Rb2CdO2,3.5465999999999998,10.472512666666667,37.1418134236
mp-28365_Na3AuO2,4.1232,7.145061666666667,29.460518263999997
mp-28371_K2Zn3O4,4.1168,9.495535666666667,39.09122123253333
mp-28380_Rb3TlO3,3.8530999999999995,11.157824999999997,42.992215507499985
mp-28381_Cs3InO3,4.5583,11.6803,53.242311490000006
mp-28537_As2PbO4,4.2247,10.849452333333332,45.83568127263333
mp-28568_Rb3CuO2,4.3256,8.499953999999999,36.767401022399994
mp-2858_ZrO2,5.3885,20.28998466666667,109.33258237633333
mp-28670_Ba2Bi2O5,3.0674999999999994,33.278093000000005,102.0805502775
mp-28712_Si2Hg6O7,2.4246,12.151173333333332,29.461734863999997
mp-28796_Sr5(AuO4)2,3.3514999999999997,14.028876666666667,47.01778014833333
mp-2879_SrSnO3,3.9823000000000004,16.28925,64.868680275
mp-28853_LaAuO3,3.5186,14.119369666666666,49.68041410913333
mp-28940_Sr4Nb2O9,6.081200000000001,22.386791000000002,136.13855342920004
mp-2895_Mg2SiO4,8.375399999999999,7.0647443333333335,59.17005968939999
mp-2898_Ca(AuO2)2,3.1430000000000002,10.887760666666667,34.22023177533334
mp-29047_Tl3VO4,3.3621999999999996,21.222775000000002,71.355214105
mp-29048_Sr(BiO2)2,3.8442000000000003,15.083949666666667,57.985719308600004
mp-2908_Al2ZnO4,7.340700000000001,8.668634,63.633841603800015
mp-29164_SrBiO3,0.8518999999999997,29.854913666666665,25.43340095263332
mp-29205_YBO3,8.2376,11.99279433333333,98.79184260026665
mp-2931_Li2TiO3,4.7355,26.406859999999998,125.04968552999999
mp-29364_Li5SbO5,6.0473,11.425234666666666,69.09182159973334
mp-29365_Li5BiO5,3.5577,21.369879666666666,76.0276208901
mp-29396_Cu2PbO2,1.3041999999999998,14.581412666666665,19.017078399866662
mp-29454_Na3TlO2,3.1069,11.470082,35.6363977658
mp-29455_Ga4GeO8,4.8808,10.507197666666665,51.283530371466654
mp-29488_Na2ZnO2,4.3217,8.859269333333334,38.28710427786667
mp-29505_Cs3BiO3,5.1726,9.743842,50.40099712920001
mp-29521_RbBiO2,3.6184000000000003,11.298599000000001,40.88285062160001
mp-29524_K3BiO3,5.1759,7.005656999999999,36.2605800663
mp-29525_Rb3BiO3,5.4279,8.439024,45.8061783696
mp-29606_Rb2Zn3O4,4.1502,9.524180666666666,39.5272546028
mp-29699_TiNb3O6,0.9491999999999998,25.214625,23.933722049999997
mp-2970_Na4GeO4,6.4997,6.356977666666666,41.31844774003333
mp-29775_Sr4PdO6,3.5843000000000007,15.491576,55.52645585680001
mp-29792_CaNb2O4,2.0084,11.836858666666666,23.77314694613333
mp-29816_Ag2HgO2,1.0446000000000004,11.284282666666664,11.787561673600003
mp-29892_LiSb3O8,3.279,11.904580000000001,39.03511782
mp-29894_Hg2WO4,2.7385,17.691518333333335,48.44822295583334
mp-29911_Ba3Sb2O,0.8907000000000003,18.914696,16.847319727200006
mp-29920_Rb5Au3O2,2.551,9.929464000000001,25.330062664000003
mp-30120_K3BiO4,3.9256,8.407373999999999,33.0039873744
mp-30250_YAgO2,4.2588,10.616235666666666,45.2124244572
mp-30284_HgAsO3,2.6072,12.178377333333335,31.751465383466673
mp-30298_KAsO2,6.2463999999999995,7.161635666666666,44.73444102826666
mp-30299_RbAsO2,6.3369,7.0471613333333325,44.6571566532
mp-30300_Cs3As5O9,5.4934,7.230752333333332,39.72141486793333
mp-3033_RbTaO3,5.9054,15.61203933333333,92.19533707906665
mp-3051_Mg2GeO4,6.4839,7.836004,50.8078663356
mp-3056_NaTlO2,2.1059,13.951982333333333,29.381479595766667
mp-306_B2O3,10.3086,5.661843,58.3656747498
mp-3074_KAgO,3.7174,6.283673666666666,23.358928488466663
mp-3081_BeAl2O4,9.6656,8.929623333333334,86.31016729066667
mp-30972_Na2Sb4O7,4.6891,12.554574,58.8696529434
mp-30975_Na3BO3,7.2872,5.987218666666667,43.63005986773334
mp-30980_NaYO2,7.009399999999999,15.496583666666666,108.62175355313332
mp-30988_KBiO2,3.2183,11.784456333333333,37.92591581756667
mp-30990_K6Si2O7,7.1823999999999995,7.23994,52.000145055999994
mp-31116_LaScO3,5.926,30.80631466666667,182.55822071466667
mp-31250_BiBO3,4.583399999999999,17.739276,81.30619761839999
mp-31358_RbBO2,7.9605999999999995,6.308081666666666,50.21611491566666
mp-31418_La(SbO3)3,3.9208,15.182060333333334,59.52582215493334
mp-31419_LaSb5O12,4.976800000000001,12.899505333333332,64.19825814293334
mp-3163_BaSnO3,2.6303000000000005,20.379762,53.60488798860001
mp-3187_BaCeO3,4.2856,25.495043999999996,109.26156056639998
mp-3188_Zn(SbO3)2,2.9451,12.362575666666666,36.4090215959
mp-3277_BAsO4,8.0243,5.722339000000001,45.917764837700005
mp-3324_Nb2SnO6,2.3076000000000003,66.24339533333334,152.86325907120005
mp-3338_NaGaO2,6.107,6.314141333333333,38.560461122666666
mp-3349_Sr3Ti2O7,3.2629,71.34014333333333,232.77575368233335
mp-3359_Ba2SnO4,4.7919,18.012813,86.31559861470001
mp-3370_Y2Sn2O7,5.0691999999999995,18.159486,92.0540664312
mp-3378_SrHfO3,6.3526,27.812798,176.6835805748
mp-33940_Mg2PtO4,3.3459000000000003,8.237186666666668,27.560802868000007
mp-3397_Ba2TiO4,6.3631,13.898913666666667,88.44017755236668
mp-34022_Mg2SnO4,5.5026,8.352534666666665,45.96065725679999
mp-3427_LiAlO2,8.3345,6.148385666666666,51.24372033883333
mp-3443_Cd(GaO2)2,3.7634,11.616776,43.7185747984
mp-3491_NbSbO4,3.4316999999999998,61.35188766666667,210.5412729057
mp-3527_Na3AgO2,2.9977000000000005,7.2134,21.623609180000003
mp-352_HfO2,5.911200000000001,16.760502,99.07467942240001
mp-3536_MgAl2O4,8.5952,8.117446,69.77107185919999
mp-3540_Li2SnO3,5.945600000000001,18.903957000000002,112.39536673920003
mp-3563_Ba5Nb4O15,4.1289,59.59955933333334,246.0806205314
mp-35647_Zn2PtO4,2.3529000000000004,10.398061,24.465597726900004
mp-3575_Ca3(BO3)2,8.1466,10.984496666666665,89.48630054466665
mp-3614_KTaO3,3.5482,221.300696,785.2191295471999
mp-3635_LiBO2,9.4956,5.327164,50.584618478399996
mp-3642_ScCuO2,3.7272,12.407256333333335,46.244325805600006
mp-3653_Mg(SbO3)2,3.5694999999999997,10.560673666666666,37.69632465316666
mp-3666_LiTaO3,5.386699999999999,41.649688000000005,224.3543743496
mp-3731_LiNbO3,4.8370999999999995,38.89582333333333,188.14298704566664
mp-3744_NaNbO2,2.209199999999999,10.561960333333333,23.333482768399993
mp-3748_AlCuO2,3.913500000000001,8.605153333333332,33.67626757
mp-3771_MgTiO3,5.2159,18.359293666666666,95.76023983596667
mp-3788_SrAl4O7,7.3343,8.174551666666666,59.954614288833326
mp-3810_Hg(AsO3)2,2.6295,13.365906666666667,35.145651580000006
mp-3834_BaZrO3,5.009,58.530852,293.18103766800004
mp-3858_NaTaO3,4.3398,117.96021566666667,511.92374395020005
mp-3889_NaBO2,8.307,7.464516333333333,62.007737181
mp-38951_Mg(GaO2)2,5.3063,10.542208,55.9401183104
mp-3915_BaHgO2,4.7979,8.031534666666666,38.534500177199995
mp-3917_Cd2GeO4,3.1753,9.756590333333333,30.980101285433335
mp-3919_KBO2,8.229199999999999,5.752936333333333,47.34206367426666
mp-3924_LiNbO2,2.2685000000000004,14.851661333333334,33.69099373466668
mp-3952_BaY2O4,5.3302000000000005,18.093549666666668,96.44223843326668
mp-3982_KCuO2,3.838,6.357728999999999,24.400963901999997
mp-3996_GaAsO4,6.5921,6.450554333333334,42.52269922076667
mp-4019_CaTiO3,3.4723999999999995,124.613863,432.70917788119993
mp-4056_CaSc2O4,5.4879,20.732556666666667,113.778197731
mp-4086_La2Sn2O7,4.878900000000001,17.148156999999998,83.6641431873
mp-4103_Sr2Sb2O7,3.8392,14.428531333333332,55.39401749493333
mp-4117_Li2Si2O5,9.2746,5.125837000000001,47.5400878402
mp-4156_Li2ZrO3,6.2036,28.300342666666666,175.56400576693332
mp-4190_CaSnO3,5.568,10.626930999999999,59.17075180799999
mp-4236_BaZnO2,4.6575,12.711113,59.20200879749999
mp-4287_Sr2SnO4,5.279299999999999,14.364701666666667,75.83556950883332
mp-4387_SrZrO3,5.8016000000000005,36.511103999999996,211.8228209664
mp-4421_LaTaO4,5.117,40.857085000000005,209.06570394500002
mp-4481_Ca2SiO4,7.5271,8.229935666666668,61.947548756566675
mp-4482_NaSbO3,5.8289,7.670966666666668,44.71329760333334
mp-4527_Li8SnO6,7.0919,11.097804333333334,78.70451855156668
mp-4530_Cd2SiO4,3.8669,11.270561333333333,43.58213361986667
mp-4533_Na2SiO3,8.140699999999999,5.3201469999999995,43.30972068289999
mp-4555_Ca(AsO3)2,6.432600000000001,10.191102666666668,65.55528701360001
mp-4558_Li4GeO4,7.518,7.080263333333332,53.22941973999999
mp-4571_CaZrO3,6.100200000000001,37.84709766666666,230.87486518620003
mp-4584_Tl3BO3,2.0903000000000005,13.747554666666668,28.736513519733343
mp-4598_Sr4PtO6,4.3514,14.885297333333334,64.77188281626667
mp-4609_HfSiO4,8.0133,11.357437,91.01054991209999
mp-4624_TaBO4,5.3353,14.098075666666666,75.21746310436667
mp-4651_SrTiO3,3.0872999999999995,219.53639166666665,677.7747019924998
mp-4710_Hg3(BO3)2,4.5103,7.713187666666666,34.78879033296666
mp-4747_Ca2SnO4,5.22,12.268279333333334,64.04041812
mp-4812_Zn4B6O13,7.1482,7.1477189999999995,51.0933249558
mp-4819_MgGeO3,5.3508,8.582838333333333,45.925051354
mp-4820_ZrSiO4,7.2014000000000005,12.643411666666665,91.05026477633334
mp-4867_CaAl4O7,7.601999999999999,17.654234666666667,134.207491936
mp-4961_Na2HgO2,3.7485,6.631389666666666,24.857764165499997
mp-4974_La2Zr2O7,5.8523,29.318663,171.5816114749
mp-4995_LiSbO3,4.901199999999999,12.357932666666665,60.568699585866646
mp-5005_Mg3(BO3)2,9.0291,7.366059666666666,66.50888933629999
mp-5012_Li2SiO3,9.0519,6.2959223333333325,56.99005936909999
mp-5020_BaTiO3,3.2929000000000004,56.82934433333333,187.13334795523335
mp-504506_RbIn(MoO4)2,6.7748,6.539010666666667,44.300489464533335
mp-504510_MgV2O6,3.7914000000000003,19.63666166666667,74.45043904300002
mp-504554_Ba5Ta4O15,4.627599999999999,34.357802666666664,158.99416762026664
mp-504591_PbWO4,3.6692,21.521650000000005,78.96723818000002
mp-504598_Rb2PbO2,3.4851,8.135766666666667,28.353960410000003
mp-504651_CsVO3,5.5648,8.021740333333334,44.63938060693334
mp-504849_Cs2Li2SiO4,7.1286000000000005,9.408379,67.0685705394
mp-505212_Cs3AuO,2.8615,13.477206333333333,38.565025922833335
mp-505368_As2Pb3O8,4.9917,27.074320333333333,135.1468848079
mp-505743_GaBPbO4,4.8388,13.151719,63.6385378972
mp-5072_Rb2HgO2,4.7765,6.878005333333333,32.85279247466667
mp-510264_KY(WO4)2,5.2547,14.042488333333333,73.78906344516666
mp-510273_CsSbO2,4.3255,9.687563333333332,41.90355519833332
mp-510456_Zr(MoO4)2,5.1174,11.082779666666667,56.7150166662
mp-510607_SrCrO4,4.8998,9.687998333333333,47.46925423366666
mp-5127_LiCuO,2.6910000000000003,7.311694333333333,19.675769451
mp-5175_NaInO2,4.382,9.304964333333333,40.77435370866666
mp-5295_LaNbO4,5.836500000000001,18.756055666666665,109.4697188985
mp-5377_YTaO4,6.05,16.109534333333333,97.46268271666666
mp-5387_YNbO4,5.2118,20.752085,108.15571660300002
mp-5403_Rb2TiO3,6.773899999999999,8.511354666666668,57.65506537653334
mp-540584_K2PdO2,3.8509,9.137623666666666,35.188074977966664
mp-540586_Tl2SnO3,1.7176,20.116211,34.5516040136
mp-540631_KTa(GeO3)3,6.4726,10.38672,67.229083872
mp-540632_RbTa(GeO3)3,6.436999999999999,9.881157333333332,63.60500975466665
mp-540633_RbNb(GeO3)3,5.9413,10.949936,65.05685475679999
mp-540634_TaTl(GeO3)3,5.7233,14.428095666666666,82.57631992903333
mp-540635_BaSn(GeO3)3,5.8721,9.327376000000001,54.7712846096
mp-540688_SrIn2O4,3.8402000000000003,13.197744,50.681976508800005
mp-540707_Cs2Sn(GeO3)3,5.6480999999999995,8.444519333333334,47.6954896466
mp-540949_Ba3SrNb2O9,5.6721,19.126738,108.4887706098
mp-540950_Ba3SrTa2O9,6.374499999999999,19.157678666666666,122.12062266066665
mp-541037_CsCuO,3.1835999999999998,8.096127000000001,25.7748299172
mp-541040_Y2Be2GeO7,7.123399999999999,13.191509000000002,93.96839521060001
mp-541044_CsYO2,4.869400000000001,17.295689,84.21962801660001
mp-541190_Cs2LiVO4,6.7667,8.790838666666666,59.48496800573333
mp-541368_Tl4V2O7,3.1568000000000005,23.636729000000003,74.61642610720001
mp-5418_Li6Zr2O7,6.6279,20.272994333333333,134.36737914190002
mp-542085_Sr2GeO4,6.4398,12.925461666666669,83.23738804100002
mp-545359_KNa2CuO2,4.6485,8.412625666666667,39.106090411500006
mp-545544_Ba2TaBiO6,3.6379000000000006,59.473864999999996,216.35997348350003
mp-545850_VBiO4,3.6032,31.64707866666667,114.03075385173335
mp-546011_YZnAsO,1.6943000000000001,25.005207666666667,42.36632334963334
mp-546125_ScAsO4,6.1395,13.149404666666667,80.730769951
mp-546794_SiO2,10.4593,3.883357333333333,40.617199356533334
mp-547792_KSbO3,5.7535,7.332376666666668,42.18682915166667
mp-5477_Na5NbO5,5.678999999999999,7.573268,43.00858897199999
mp-5478_TlPd3O4,1.8578999999999999,31.654667,58.8112058193
mp-548615_Ba2ZnWO6,4.5197,28.635099,129.4220569503
mp-5488_LiInO2,3.8926999999999996,21.508454,83.7259588858
mp-549589_LaZnAsO,1.0343999999999998,24.880261666666666,25.736142667999992
mp-549737_Ba2Ca(BO3)2,6.9755,12.045881333333334,84.02604524066668
mp-550622_V2CdO6,4.1671,11.816155,49.2390995005
mp-550751_BaBeSiO4,7.8662,9.359364333333334,73.62263171886667
mp-550925_NaScAs2O7,6.7256,13.75875,92.535849
mp-551092_KLiZnO2,5.1558,9.584348333333333,49.414983137
mp-551269_Ba2LaSbO6,6.3375,22.605105,143.2598529375
mp-551873_Ca4Bi2O,1.1629000000000005,32.76244633333334,38.09944884103335
mp-5532_Sr2TiO4,3.4760999999999997,46.960673333333325,163.23999657399995
mp-553303_CsCu3O2,3.3697999999999997,9.154955999999999,30.85037072879999
mp-553310_CsCuO2,3.765,7.244972,27.27731958
mp-553961_ScNbO4,4.905600000000001,26.527116000000003,130.13142024960004
mp-554034_KLa2NbO6,5.8961,14.723837333333334,86.81321730106667
mp-554206_Cs2Al2As2O7,6.2103,7.148672666666666,44.395401861799996
mp-554278_TiO2,3.8911000000000002,28.954541333333328,112.66501578213332
mp-554381_Ca2VBiO6,4.418699999999999,13.019626333333335,57.529822879099996
mp-554699_GePbO3,4.3591,12.713481333333334,55.41933648013333
mp-554773_La3BWO9,4.9666000000000015,17.610565333333334,87.46463378453336
mp-554845_Na2Zn2O3,3.9982,10.172136333333333,40.67023548793333
mp-5548_Ta2Cd2O7,3.621,128.61272,465.70665912
mp-554959_K2Al2Sb2O7,5.6761,8.029484333333333,45.57615602443333
mp-555018_RbNa2AuO2,4.418,10.118920666666668,44.70539150533334
mp-555070_BaBe2(BO3)2,8.9592,9.618367333333332,86.17287661279998
mp-555082_CsLi5(BO3)2,7.2237,12.524167666666665,90.47082997369999
mp-555140_Cs2Li3GaO4,6.6743999999999994,13.657509666666668,91.1556825192
mp-555318_K2Zn(SiO3)2,7.8668,8.411320333333334,66.17017479826667
mp-555495_K3Y(BO3)2,6.5052,9.233991666666666,60.06896259
mp-555678_Na4Ti5O12,3.976,41.42099733333333,164.68988539733334
mp-555812_NaSr3BiO6,4.089,14.268416000000002,58.343553024000016
mp-556046_SrGa2B2O7,7.3674,9.526572666666667,70.1860714644
mp-556185_RbNaTiO3,6.1173,10.099234000000001,61.780044148200005
mp-556209_RbLiMoO4,7.6086,5.736001000000001,43.6429372086
mp-556258_Na3BeAl(SiO4)2,8.5051,5.900556666666667,50.18482450566667
mp-556275_Rb2Al2Sb2O7,5.7768999999999995,7.615711666666666,43.99520472716666
mp-556316_Ba3NaBiO6,3.8926000000000003,15.209275999999997,59.203627757599996
mp-556489_Ta2SnO6,2.9731000000000005,44.87476566666667,133.4171658035667
mp-556517_K2PbO2,3.492,7.892145666666667,27.559372668
mp-556653_Cd2BiAsO6,3.5425,16.158680333333333,57.24212508083333
mp-556695_NaSrBO3,7.3293,9.665694333333334,70.84277347730001
mp-556896_Ba4AgAuO6,3.152,16.52530966666667,52.087776069333344
mp-556966_KSrVO4,6.3657,9.602546333333335,61.12692919410001
mp-557070_Ca2BiAsO6,5.2183,12.634645999999998,65.93137322179999
mp-557183_KNaZnO2,4.7224,11.855439666666667,55.98612828186668
mp-557359_Cs2Al2Sb2O7,5.8152,7.035764333333333,40.914376751199995
mp-557401_Na6PbO5,3.2654,8.868543666666667,28.959342489133338
mp-557467_Li4Ca(BO3)2,8.5269,9.327812333333334,79.5373229851
mp-557506_Na3Ca2BiO6,4.0083,11.163524666666667,44.7467559214
mp-557577_K3ScSi2O7,6.7552,9.171390333333333,61.954575979733335
mp-557632_K2LiBO3,7.4663,9.230382333333333,68.91680361536667
mp-557761_KBa4Sb3O,1.6447999999999996,16.349099,26.890998035199992
mp-557787_TlSbO3,3.7209,10.544780333333334,39.2360731423
mp-557807_CsK2AuO2,4.3199000000000005,8.766389,37.869923841100004
mp-557855_CaGaBO4,7.5526,7.125978000000001,53.819661442800005
mp-557871_CuAsPbO4,3.6326,12.572702,45.6715972852
mp-557993_BiO2,2.0599000000000003,30.211516666666668,62.23270318166668
mp-558054_SrLi2Ta2O7,4.1638,43.755501,182.18915506380003
mp-558085_KNaGeO3,6.4593,8.682886666666667,56.085369846
mp-558362_CaMgGeO4,6.6566,7.893488666666667,52.54379665853334
mp-558369_K2LiVO4,6.9994,8.127295000000002,56.88618862300001
mp-558628_KLi2BO3,8.0985,8.962380333333334,72.5818371295
mp-558629_Ba2ZnSi2O7,7.2884,8.965302333333334,65.34270952626667
mp-558781_ScTaO4,5.8107,23.201964,134.8196522148
mp-558828_K3Nb3(BO6)2,4.0173,28.513133,114.5458092009
mp-558941_LiYSiO4,8.3694,8.863355333333333,74.1809661268
mp-559067_KNa2AuO2,4.5612,8.64258,39.420535896000004
mp-559106_KLi3PbO4,3.6269,9.880347666666667,35.835032952233334
mp-559186_BaBiBO4,5.5231,15.834633000000002,87.45626152230001
mp-559270_RbBa4Sb3O,1.5108000000000001,16.346445,24.696209106
mp-559348_BaZr(BO3)2,7.2393,12.890782666666667,93.3202429588
mp-5594_Sc2Si2O7,7.2357,10.363046666666667,74.983896766
mp-559759_CaAlBO4,8.4903,6.691126333333334,56.8096699079
mp-559969_CaLaGaO4,6.0716,12.396993333333333,75.26958472266666
mp-560156_SrTlVO4,4.475999999999999,17.033592666666667,76.24236077599998
mp-560157_LiMgVO4,5.7452000000000005,9.085680333333334,52.19905065106668
mp-560340_La2Pd2O5,2.4869000000000003,18.61547333333333,46.294820632666664
mp-560398_K2Zn(GeO3)2,6.1246,9.249504666666667,56.64951628146667
mp-560441_BaZn2Si2O7,6.897,8.440078333333332,58.211220264999994
mp-560605_LiLa4AuO8,3.6911000000000005,18.966779333333335,70.00827919726669
mp-560647_Ca2GeO4,6.629499999999999,8.487561000000001,56.2682856495
mp-560767_KNaTiO3,6.3111,10.284035000000001,64.9035732885
mp-560791_CsNaTiO3,5.7097,10.718141666666666,61.19737347416666
mp-560860_Na2PtO3,3.4814,9.154878333333334,31.871793429666667
mp-560870_BaGa2B2O7,7.3271,8.589489666666667,62.936049736633336
mp-560950_K2NaTlO3,3.5575,10.749983,38.2430645225
mp-561277_K2PbO3,2.8844000000000003,10.624298,30.644725151200003
mp-561315_Cs3AlGe2O7,6.7513,8.009551,54.074881666299994
mp-561446_BaCa(GaO2)4,5.873900000000001,12.070095666666667,70.89853493643335
mp-561725_CsBO2,7.4714,8.938933666666665,66.78634899713333
mp-562072_Cs3SbO3,5.2522,8.836375,46.410408775
mp-562263_Cs2PbO2,3.3920999999999997,9.845397333333333,33.396572294399995
mp-562441_Cs3AlO3,5.0683,10.811784000000001,54.7973648472
mp-562854_CsNb2BiO7,3.9603,26.962658,106.78021447740001
mp-5637_SrZnO2,4.6731,13.922886,65.0630385666
mp-5769_Li3SbO4,5.9939,13.253303333333333,79.43897484966666
mp-5784_Na2GeO3,6.6384,5.987882333333334,39.749958081600006
mp-5794_Zn(GaO2)2,5.0975,10.981532999999999,55.97836446749999
mp-5840_LiScO2,6.1031,23.058638666666667,140.72917764653334
mp-5854_LiGaO2,6.2866,6.965202666666666,43.78744308426666
mp-5860_K2HgO2,4.7161,6.318719333333334,29.799712247933336
mp-5966_Cd2SnO4,2.0395,14.014036666666668,28.58162778166667
mp-6019_Sr2YNbO6,5.1598999999999995,31.71665966666667,163.65479221403334
mp-6062_YAl3(BO3)4,8.7597,10.598778000000001,92.84211564660002
mp-6064_Sr3MgPtO6,4.9978,12.320233333333334,61.57406215333334
mp-6066_NaTaGeO5,5.595199999999999,34.960739,195.61232685279995
mp-6081_Ba2Ti(SiO4)2,6.7125,15.71100433333333,105.46011658749998
mp-6126_LiCdBO3,5.0889999999999995,7.465023666666667,37.989505439666665
mp-6138_Na2TiSiO5,6.1271,9.136681666666666,55.98136223983333
mp-6224_LiScSiO4,7.6304,11.535417333333333,88.01984842026667
mp-6228_Na2TiGeO5,6.2748,13.278517666666668,83.3200426548
mp-6273_Ba4Na(SbO4)3,3.8484,22.998601999999995,88.50781993679998
mp-6289_Ba2Ti(GeO4)2,6.3625,45.551821,289.82346111249996
mp-6325_Ba3MgTa2O9,5.1407,26.951385000000002,138.5489848695
mp-6333_NaIn(SiO3)2,6.9708,7.577988,52.8246387504
mp-6361_NaSr3NbO6,5.4298,19.047762000000002,103.42553810760002
mp-6391_Na2ZnSiO4,7.136699999999999,5.812968666666667,41.4854134834
mp-6402_Na2ZnGeO4,6.0169999999999995,6.120558333333332,36.82739949166666
mp-6406_Na2MgSiO4,7.8653,5.332945333333334,41.94521493026667
mp-6434_RbAlSiO4,8.4884,8.123934,68.95920136560001
mp-6474_Ba3MgNb2O9,4.3713,38.439234666666664,168.02942649839997
mp-647813_Cs2CrO4,5.858499999999999,7.318672666666667,42.87644381766666
mp-6493_CaMgSiO4,8.1648,7.570016333333334,61.807669358400005
mp-6499_BaLiBO3,7.4679,10.977529666666667,81.9790937977
mp-6507_Na2Zn2Si2O7,7.271,7.098558333333333,51.613617641666664
mp-6526_NaGeSbO5,4.8491,10.557212666666667,51.19297994193333
mp-6564_Sr2MgSi2O7,7.9994,8.387202666666667,67.09258901173334
mp-6600_K2Zr(SiO3)3,8.329799999999999,9.667593666666667,80.52912172459999
mp-6655_Y2Be2SiO7,8.010100000000001,11.250335333333332,90.11631105353334
mp-6660_BaNaBO3,6.9049000000000005,10.062651666666667,69.48160349316667
mp-6661_BaTi(SiO3)3,5.9064000000000005,10.616367333333335,62.70451201760001
mp-6675_Na2Zn(SiO3)2,8.0628,5.8076963333333325,46.82629399639999
mp-6694_Cs2Zr(SiO3)3,8.3378,9.074873666666667,75.66448165793334
mp-6730_Sr3ZnPtO6,4.8386000000000005,13.746623666666666,66.51441327353334
mp-676666_Rb2CeO3,4.758,20.466587333333333,97.380022532
mp-6766_CaMg(SiO3)2,8.5151,8.446725666666667,71.92471372423334
mp-676861_AlSbO4,4.2661,10.812401666666666,46.126786750166666
mp-6853_Ca3TaGa3(SiO7)2,6.8511,31.805035333333333,217.8994775722
mp-6983_NaAgO,2.8857000000000004,6.587368666666666,19.009169761400003
mp-7020_LiYO2,6.7552,13.297880333333334,89.82984122773334
mp-7027_InBO3,5.5877,9.784903333333334,54.67510435566667
mp-7041_CaHgO2,4.3662,7.898869666666667,34.4880447386
mp-7074_NaSc(SiO3)2,8.3958,8.437939,70.8432482562
mp-7118_Rb4SnO4,5.274900000000001,8.503516666666666,44.855200065000005
mp-7128_Cd(AsO3)2,4.5475,11.014731333333335,50.089490738333346
mp-7148_K2SrTa2O7,4.1107,39.55492533333334,162.59843156773334
mp-7181_CsSr2Ta3O10,3.8296999999999994,33.185431,127.09024510069999
mp-7205_LiInSiO4,6.1168,9.128449,55.836896843199995
mp-7232_Cs2HgO2,4.5877,8.738911333333332,40.091503523933326
mp-7249_Ba3Nb2ZnO9,4.332,46.39590466666667,200.987059016
mp-7258_K4SnO4,5.5478000000000005,7.548070666666667,41.87518644453334
mp-733_GeO2,6.292800000000001,6.5229029999999995,41.0473239984
mp-7374_Ba(CuO)2,2.7734,13.999773,38.8269704382
mp-7375_KNbO3,3.608,36.06701233333333,130.12978049866666
mp-7404_Na3SbO4,5.3809,10.079248,54.235425563199996
mp-7469_NaCuO,3.4092000000000002,5.990073666666667,20.421359144400004
mp-7470_RbCuO,3.8575999999999997,6.597600666666668,25.450904331733334
mp-7471_Li3AuO3,4.124,13.019397666666668,53.691995977333335
mp-7472_RbAuO2,4.4036,6.141038666666667,27.042677872533332
mp-7500_Na4SiO4,7.3149,6.200019,45.3525189831
mp-752508_Cs2WO4,8.0483,6.97024,56.098582592
mp-752676_TiBi2O5,3.8950000000000005,28.767092666666667,112.04782593666668
mp-752692_K2SnO2,3.0205,8.063023333333332,24.35436197833333
mp-752849_Y2Pb2O7,2.4149000000000003,19.45293,46.976880657
mp-753287_CaCdO2,1.9478000000000002,17.337051,33.7691079378
mp-7534_K2Cd2O3,2.0759,25.516424999999998,52.96954665749999
mp-753746_Rb2O,3.7303,10.10431,37.692107593
mp-753798_Rb2SnO3,5.1601,13.077912666666668,67.48333715126667
mp-753802_Sc2Ti2O7,5.2797,15.505348666666665,81.8635893554
mp-753993_NbVO5,3.1799,68.32645933333333,217.27130803406666
mp-754065_Hg(SbO3)2,2.2003000000000004,13.353087666666667,29.380798792966672
mp-754128_Ba3Hf2O7,5.567,28.388491666666667,158.03873310833333
mp-754246_TiSnO3,1.7794999999999996,22.97271166666667,40.87994041083333
mp-754326_NaAgO2,2.2729999999999997,9.200902666666666,20.91365176133333
mp-754329_CdSnO3,3.0019,12.205191000000001,36.6387628629
mp-754363_Ba2HfO4,5.4018,27.909352666666667,150.76074123479998
mp-754535_LaAgO2,4.564,11.655868666666668,53.19738459466667
mp-754594_VBO4,5.1195,7.322652333333333,37.4883186205
mp-754853_CaHfO3,6.6909,28.180620666666666,188.55371481859999
mp-755013_Li5TaO5,6.2511,18.888819333333334,118.0758985346
mp-755026_La2Pt2O7,2.1244999999999994,16.644089,35.36036708049999
mp-755116_In2Pt2O7,3.4617999999999993,12.607634,43.64510738119999
mp-755135_La6WO12,4.711,24.476294999999997,115.30782574499999
mp-755287_Ca3CdO4,4.797499999999999,16.146669,77.4636445275
mp-755292_Cs2BeO2,5.4793,10.898654333333333,59.71699668863334
mp-755352_Li2HfO3,6.7959,23.672869000000002,160.8784504371
mp-755401_Na3CuO2,4.3784,6.773703333333334,29.65798267466667
mp-755436_Na3VO4,7.5168,4.973142999999999,37.382121302399995
mp-755478_CdBiO3,1.5419999999999998,20.857728,32.162616576
mp-755558_BaLa2O4,5.6265,17.856087000000002,100.46727350550002
mp-755586_NaLaO2,5.3908000000000005,18.196550333333334,98.09396353693334
mp-755752_Rb2Be2O3,5.6984,7.072558666666667,40.302268306133335
mp-755802_K2MgO2,5.5971,12.230898333333334,68.4575610615
mp-755895_Ba3Zr2O7,5.1017,39.29338766666667,200.46307585903335
mp-755950_Ba2Sc2O5,4.626200000000001,17.613387333333332,81.48305248146667
mp-756044_Na3AsO4,7.6113,4.621128666666666,35.172796620599996
mp-756122_Cs3TlO3,3.8259999999999996,13.284203,50.825360677999996
mp-756156_Rb2ZrO3,6.476999999999999,11.729719000000001,75.973389963
mp-756347_Y2Pt2O7,2.8507,14.704327999999999,41.917627829599994
mp-756382_Sr3WO6,5.3546000000000005,13.099682,70.1435572372
mp-756510_K4TiO4,6.2468,7.558393333333334,47.215771474666674
mp-756570_Rb4SnO3,3.3994,10.082363666666666,34.273987048466665
mp-756746_Rb4PbO4,4.313,8.717817333333333,37.59994615866666
mp-756919_Mg3(AsO4)2,7.641299999999999,5.851587666666667,44.7137368373
mp-757031_Mg2TiO4,5.5122,14.712750999999999,81.09962606219999
mp-7601_NbGaO4,5.3119,15.335029333333333,81.45814231573333
mp-760400_Na5BiO5,3.0904,10.298287333333333,31.82582717493333
mp-760483_Li2PdO3,3.0063999999999997,17.808854666666665,53.54054066986666
mp-7608_Li2PdO2,3.2722,11.859952,38.8081349344
mp-761184_Na2SnO3,5.524900000000001,8.929234000000001,49.333124926600014
mp-7611_Li2CaGeO4,7.1129,10.297595666666666,73.24576821743332
mp-761686_Na2BiO3,2.7013000000000003,17.391664666666667,46.98010376406667
mp-7638_LiTa3O8,4.981,27.85946633333333,138.7680018063333
mp-7650_RbScO2,5.642099999999999,17.323248666666668,97.7395013022
mp-766217_Sr4Cu2O7,1.9944,15.374039999999999,30.661985375999997
mp-7664_Na6ZnO4,4.4324,8.390289666666668,37.18911991853334
mp-768223_Cs2CeO3,4.789899999999999,13.351068666666668,63.950283806466665
mp-768232_Rb3SbO3,5.523199999999999,7.793188,43.04333596159999
mp-7688_Li2CdGeO4,5.1327,7.472310666666666,38.3531289588
mp-768915_Na3AuO3,4.5717,19.074348666666666,87.20219979939999
mp-768976_Cs3ScO3,5.2548,11.548853333333334,60.68691449600001
mp-769271_Sr4Ta2O9,6.8262,22.570729333333333,154.0723125752
mp-769971_BaGa4O7,5.4052,9.766995666666666,52.79256497746666
mp-770408_Rb6Ti2O7,6.366299999999999,8.772369,55.847532764699984
mp-770419_Sr2Zr7O16,5.9818,20.565383333333333,123.01801002333333
mp-770463_Cs3GaO3,5.2515,11.034847333333332,57.94950077099999
mp-770771_SrSc2O4,5.4492,18.894454333333332,102.9596605532
mp-770815_Cs3YO3,4.7884,12.010253333333333,57.509897061333334
mp-770846_Ba3Sn2O7,3.8296,18.082226666666667,69.24769524266667
mp-772099_Cd(CuO2)2,1.04,15.070789666666665,15.673621253333332
mp-772185_Li6Hf2O7,7.0007,16.251174333333335,113.76959615536668
mp-772261_LaAsO4,6.8296,10.986405,75.032751588
mp-772290_LiAgO,2.6024999999999996,8.428095333333333,21.934118104999996
mp-774702_Li3BiO4,3.3453999999999997,17.825188333333333,59.632385050333326
mp-778152_Sc2Pt2O7,3.1181,18.285481,57.0159583061
mp-779287_La2HgO4,4.0774,14.516121,59.1880317654
mp-781505_Ca3WO6,5.418799999999999,14.086098,76.32974784239998
mp-782050_Ba4PdO6,3.0115000000000003,18.627629000000002,56.09710473350001
mp-7849_AlAsO4,8.8575,4.265685666666667,37.783310792500004
mp-7863_Rb2Sn2O3,2.0496,11.641602333333333,23.8606281424
mp-7899_BaCdO2,2.433,17.516203,42.616921899
mp-7911_KCuO,3.9267000000000003,6.162821666666666,24.1995518385
mp-7914_NaScO2,6.5132,14.828723333333334,96.58244081466668
mp-7958_KLaO2,6.1637,17.823362666666664,109.85786046853333
mp-7971_Ba4Li(SbO4)3,3.7193,24.436967,90.8884113631
mp-7972_RbLaO2,5.665100000000001,19.36349,109.69610719900001
mp-7988_Cs2O,2.3871,11.466732333333333,27.3722367529
mp-8000_SrSn(BO3)2,7.0765,9.365533333333333,66.27519663333334
mp-8042_ZrGeO4,5.9516,19.541535666666665,116.30340367373333
mp-8054_NaSc(GeO3)2,6.3135,10.358843333333333,65.400557385
mp-8058_YAsO4,6.8095,9.856015,67.11453414249999
mp-8070_Li2BeSiO4,9.802000000000001,6.311719666666666,61.86747617266667
mp-8075_NaBe4SbO7,6.821199999999999,10.562414333333333,72.04834065053332
mp-8076_Na3SbO3,5.0309,6.806977,34.2452205893
mp-8175_KTlO2,2.3447,13.122498,30.7683210606
mp-8176_RbTlO2,2.3270999999999997,14.029229999999998,32.647421132999995
mp-8184_Li2ZnGeO4,6.228199999999999,6.739127666666666,41.97263493353332
mp-8187_K2ZnO2,4.9140999999999995,11.343566000000001,55.7434176806
mp-8188_KScO2,6.0127,16.042877666666666,96.46101054636665
mp-8207_Zn(PtO2)3,0.6974,16.871228000000002,11.765994407200003
mp-8216_LaBO3,7.6297,14.912204000000001,113.7756428588
mp-8271_Ba2Ca(BO2)6,8.4683,7.4856750000000005,63.3909416025
mp-8294_Cs2Li2TiO4,6.7987,10.700933666666666,72.75243771956666
mp-8299_Sr4As2O,1.7496000000000005,60.82445966666668,106.41847463280004
mp-8313_Cs2Li2GeO4,6.633,9.333376999999999,61.90828964099999
mp-8314_Cs2NaAsO4,7.2421,8.752229666666667,63.384522468966665
mp-8335_Ba2ZrO4,5.084200000000001,36.98548366666666,188.04159605806666
mp-8376_MgAlBO4,9.8764,7.917008333333334,78.19154110333335
mp-8409_KYO2,6.650600000000001,13.891874,92.38929722440001
mp-8449_Rb2Li2SiO4,7.5932,8.945504333333334,67.92500350386668
mp-8450_Rb2Li2GeO4,6.8194,9.363345,63.852394893
mp-849527_Rb3InO3,4.6528,9.846551666666667,45.81403559466667
mp-856_SnO2,3.0869,11.895102,36.718990363799996
mp-8603_RbAgO,3.7169,6.567826,24.4119524594
mp-8610_Li8PtO6,4.8213,10.310472666666668,49.7098818678
mp-8615_NbBO4,4.0565999999999995,16.379881,66.4466252646
mp-861868_KNaLaTaO5,6.2366,12.988872,81.00639911520001
mp-8624_K2Sn2O3,1.9424000000000001,9.606709,18.660071561600002
mp-863678_KZn4(SbO4)3,4.2661999999999995,9.728333666666668,41.50301708873334
mp-8666_CsAgO,3.4568000000000003,7.637745666666667,26.40215922053334
mp-867300_Rb2Hf2O5,4.1734,13.8039,57.609196260000004
mp-867730_Cs2SnO3,5.1392,15.640104666666666,80.37762590293333
mp-8697_ScBO3,6.8485000000000005,14.295332333333334,97.90158348483335
mp-8710_Ca2Pt3O8,2.8859,9.094145666666668,26.244794979433337
mp-8727_Ba4PtO6,3.6014999999999997,17.72578366666667,63.8394098755
mp-8759_Cs2ZrO3,6.411200000000001,14.939804666666667,95.78207567893335
mp-8789_Ca4As2O,1.8175000000000003,26.307959999999998,47.814717300000005
mp-8809_BaLa2PtO5,3.7211000000000007,29.068369333333333,108.16630912626668
mp-886_Ga2O3,4.77,11.811079333333332,56.33884841999999
mp-8871_CsNa2BO3,7.0503,7.581478,53.4516943434
mp-8872_RbNa2BO3,7.011,6.774112,47.493299232
mp-8873_LiGeBO4,7.9647,6.569293999999999,52.32245592179999
mp-8891_K2Zr(BO3)2,6.705500000000001,9.431246666666667,63.24122452333334
mp-8922_Cd(SbO3)2,3.9088000000000003,10.76816,42.090583808000005
mp-8957_Na5TaO5,5.7491,7.026273666666667,40.39474993703334
mp-8960_Ba3NaNbO6,5.0532,21.11240066666667,106.68518304880003
mp-8961_Ba3NaTaO6,5.4806,18.746659333333334,102.74294114226667
mp-8979_TaInO4,5.5655,16.390295666666663,91.22019053283331
mp-9059_KLi6TaO6,7.2512,11.354242,82.33187959039999
mp-9066_NaLi2AsO4,7.9456,5.812950333333333,46.18737816853333
mp-9113_CsBeAsO4,7.6232,7.0549,53.78091368
mp-9125_Ca(SbO3)2,5.6149000000000004,9.490362333333332,53.287435465433326
mp-9126_Sr(SbO3)2,5.786099999999999,9.176450333333333,53.09585927369999
mp-9127_Ba(SbO3)2,5.7925,9.585345333333334,55.523112843333344
mp-9146_CdHgO2,1.8128,9.367284333333332,16.981013039466664
mp-9157_K3AlO3,6.2168,8.130145666666666,50.543489580533326
mp-9158_LiCuO2,1.8389999999999995,14.467884333333336,26.606439288999997
mp-9172_Li4TiO4,7.3987,7.805184,57.7482148608
mp-9197_Li3AsO4,8.125,5.746984666666667,46.69425041666667
mp-9200_K3AuO,1.6006,15.328066999999999,24.5341040402
mp-9212_NaAlO2,7.7335,5.646740333333334,43.66906636783334
mp-9259_Ba2Mg(BO3)2,7.6895,11.624969333333334,89.39020168866668
mp-9297_Ba(AuO2)2,2.9785,10.331717666666666,30.773021070166664
mp-9298_Sr(AuO2)2,3.1224999999999996,10.005586,31.242442284999992
mp-9309_CsTa(BO3)2,5.8651,17.964274333333336,105.36226539243334
mp-9338_Ba2MgSi2O7,7.7968,7.946352666666667,61.95612247146667
mp-9595_NbInO4,4.8258,19.402304666666666,93.6316418604
mp-9631_AlAgO2,2.9765000000000006,10.572501333333333,31.469050218666673
mp-9650_MgTa2O6,4.538499999999999,29.522183,133.98642754549996
mp-9655_Na4SnO4,5.2526,6.822410333333333,35.83539251686667
mp-9657_LiAsO3,6.5607,10.490444333333334,68.8246581377
mp-971_K2O,4.2339,8.246785,34.9160630115
mp-972387_Sr2MgGe2O7,6.6930000000000005,9.678887000000001,64.780790691
mp-974482_K4Hf5O12,5.4055,14.460552333333332,78.16651563783333
mp-9747_B4PbO7,6.3854,16.152497999999998,103.14016072919998
mp-9749_Sr(BO2)2,8.6306,6.768712666666666,58.41805154093332
mp-9751_Al2Ge2O7,6.6385000000000005,8.067397666666666,53.55541941016667
mp-9755_HfGeO4,6.3398,17.920257333333335,113.61084744186668
mp-978114_Sn5O6,2.2112000000000003,13.040781333333333,28.83577568426667
mp-9783_Ba3(AsO4)2,7.0819,27.723330333333333,196.33385308763334
mp-9784_BaBAsO5,6.9623,9.036138333333334,62.912305918166666
mp-978857_SrHgO2,4.7047,7.294778333333333,34.319743624833336
mp-9793_Ba3BAsO3,2.5067999999999997,15.106290666666666,37.86844944319999
mp-981511_Y3SbO7,5.2333,23.397089999999995,122.44399109699997
mp-983061_Sr(AsO3)2,6.4065,9.474455333333333,60.698098093
mp-9870_K3Ta3(BO6)2,4.679,33.30649833333333,155.84110570166666
mp-990440_Na2ZrO3,7.2581999999999995,13.943349666666665,101.20362055059998
mp-996959_LiAuO2,3.1293,8.996639,28.153182422700002
mp-996962_LiAgO2,1.9129999999999998,11.444668333333333,21.893650521666665
mp-996983_AgAuO2,1.2439999999999998,13.558766,16.867104903999998
mp-997002_KAuO2,4.307,6.1349160000000005,26.423083212000005
mp-997024_CsAuO2,4.3754,6.852741333333334,29.98348442986667
mp-997036_CdAuO2,1.9834,11.981297666666668,23.76370579206667
mp-997041_NaCuO2,2.8653000000000004,7.278044333333334,20.853780428300006
mp-997052_RbAgO2,3.5614999999999997,6.614085,23.5560637275
mp-997086_SrAgO2,1.1305999999999998,19.567663,22.123199787799997
mp-997088_KAgO2,3.4392,6.5944053333333335,22.6794788224
mp-997089_NaAuO2,3.3324000000000003,8.023999666666667,26.739176489200002
mp-998552_BaHfO3,5.4862,36.485338,200.1658613356
mp-9986_CsAuO,3.1273,7.9232483333333334,24.778374512833334
mvc-15350_Ca2Sn3O8,5.1969,9.357593999999999,48.630480258599995
mvc-6622_Mg(CuO2)2,1.2849,16.973403333333334,21.809125942999998
